{
  "timestamp": "2026-07-09T22:16:24.258175",
  "v2_datasets_evaluated": 40,
  "v1_datasets_evaluated": 0,
  "discriminatory_power": 1.0,
  "detector_summary": {
    "D-01": {
      "f1": 0.7419354838709677,
      "precision": 0.5897435897435898,
      "recall": 1.0,
      "accuracy": 0.6,
      "fpr": 0.9411764705882353,
      "tp": 23,
      "fp": 16,
      "fn": 0,
      "tn": 1
    },
    "D-02": {
      "f1": 0.5294117647058824,
      "precision": 0.8181818181818182,
      "recall": 0.391304347826087,
      "accuracy": 0.6,
      "fpr": 0.11764705882352941,
      "tp": 9,
      "fp": 2,
      "fn": 14,
      "tn": 15
    },
    "D-03": {
      "f1": 0.39999999999999997,
      "precision": 0.47058823529411764,
      "recall": 0.34782608695652173,
      "accuracy": 0.4,
      "fpr": 0.5294117647058824,
      "tp": 8,
      "fp": 9,
      "fn": 15,
      "tn": 8
    }
  },
  "by_scenario_type": {
    "drift": {
      "D-01": {
        "tp": 10,
        "fp": 2,
        "fn": 0,
        "tn": 0,
        "precision": 0.8333333333333334,
        "recall": 1.0,
        "f1": 0.9090909090909091,
        "accuracy": 0.8333333333333334,
        "fpr": 1.0,
        "fnr": 0.0,
        "avg_severity": 0.5333333333333333,
        "avg_time_ms": 11.573155721028646,
        "n_errors": 0,
        "n_total": 12
      },
      "D-02": {
        "tp": 0,
        "fp": 0,
        "fn": 10,
        "tn": 2,
        "precision": 0.0,
        "recall": 0.0,
        "f1": 0.0,
        "accuracy": 0.16666666666666666,
        "fpr": 0.0,
        "fnr": 1.0,
        "avg_severity": 0.0,
        "avg_time_ms": 0.0,
        "n_errors": 0,
        "n_total": 12
      },
      "D-03": {
        "tp": 2,
        "fp": 2,
        "fn": 8,
        "tn": 0,
        "precision": 0.5,
        "recall": 0.2,
        "f1": 0.28571428571428575,
        "accuracy": 0.16666666666666666,
        "fpr": 1.0,
        "fnr": 0.8,
        "avg_severity": 0.041666666666666664,
        "avg_time_ms": 197.17403252919516,
        "n_errors": 0,
        "n_total": 12
      }
    },
    "correlation": {
      "D-01": {
        "tp": 4,
        "fp": 2,
        "fn": 0,
        "tn": 0,
        "precision": 0.6666666666666666,
        "recall": 1.0,
        "f1": 0.8,
        "accuracy": 0.6666666666666666,
        "fpr": 1.0,
        "fnr": 0.0,
        "avg_severity": 0.5212962962962964,
        "avg_time_ms": 18.766403198242188,
        "n_errors": 0,
        "n_total": 6
      },
      "D-02": {
        "tp": 4,
        "fp": 2,
        "fn": 0,
        "tn": 0,
        "precision": 0.6666666666666666,
        "recall": 1.0,
        "f1": 0.8,
        "accuracy": 0.6666666666666666,
        "fpr": 1.0,
        "fnr": 0.0,
        "avg_severity": 0.0,
        "avg_time_ms": 6.503383318583171,
        "n_errors": 0,
        "n_total": 6
      },
      "D-03": {
        "tp": 0,
        "fp": 0,
        "fn": 4,
        "tn": 2,
        "precision": 0.0,
        "recall": 0.0,
        "f1": 0.0,
        "accuracy": 0.3333333333333333,
        "fpr": 0.0,
        "fnr": 1.0,
        "avg_severity": 0.0,
        "avg_time_ms": 607.962965965271,
        "n_errors": 0,
        "n_total": 6
      }
    },
    "threshold": {
      "D-01": {
        "tp": 4,
        "fp": 2,
        "fn": 0,
        "tn": 0,
        "precision": 0.6666666666666666,
        "recall": 1.0,
        "f1": 0.8,
        "accuracy": 0.6666666666666666,
        "fpr": 1.0,
        "fnr": 0.0,
        "avg_severity": 0.5000000000000001,
        "avg_time_ms": 10.626832644144693,
        "n_errors": 0,
        "n_total": 6
      },
      "D-02": {
        "tp": 0,
        "fp": 0,
        "fn": 4,
        "tn": 2,
        "precision": 0.0,
        "recall": 0.0,
        "f1": 0.0,
        "accuracy": 0.3333333333333333,
        "fpr": 0.0,
        "fnr": 1.0,
        "avg_severity": 0.0,
        "avg_time_ms": 0.0,
        "n_errors": 0,
        "n_total": 6
      },
      "D-03": {
        "tp": 4,
        "fp": 1,
        "fn": 0,
        "tn": 1,
        "precision": 0.8,
        "recall": 1.0,
        "f1": 0.888888888888889,
        "accuracy": 0.8333333333333334,
        "fpr": 0.5,
        "fnr": 0.0,
        "avg_severity": 0.08333333333333333,
        "avg_time_ms": 356.97253545125324,
        "n_errors": 0,
        "n_total": 6
      }
    },
    "stress": {
      "D-01": {
        "tp": 0,
        "fp": 10,
        "fn": 0,
        "tn": 1,
        "precision": 0.0,
        "recall": 0.0,
        "f1": 0.0,
        "accuracy": 0.09090909090909091,
        "fpr": 0.9090909090909091,
        "fnr": 0.0,
        "avg_severity": 0.538997113997114,
        "avg_time_ms": 8.704662322998047,
        "n_errors": 0,
        "n_total": 11
      },
      "D-02": {
        "tp": 0,
        "fp": 0,
        "fn": 0,
        "tn": 11,
        "precision": 0.0,
        "recall": 0.0,
        "f1": 0.0,
        "accuracy": 1.0,
        "fpr": 0.0,
        "fnr": 0.0,
        "avg_severity": 0.0,
        "avg_time_ms": 0.0,
        "n_errors": 0,
        "n_total": 11
      },
      "D-03": {
        "tp": 0,
        "fp": 6,
        "fn": 0,
        "tn": 5,
        "precision": 0.0,
        "recall": 0.0,
        "f1": 0.0,
        "accuracy": 0.45454545454545453,
        "fpr": 0.5454545454545454,
        "fnr": 0.0,
        "avg_severity": 0.06484848484848486,
        "avg_time_ms": 290.7260764728893,
        "n_errors": 0,
        "n_total": 11
      }
    },
    "multivariate": {
      "D-01": {
        "tp": 5,
        "fp": 0,
        "fn": 0,
        "tn": 0,
        "precision": 1.0,
        "recall": 1.0,
        "f1": 1.0,
        "accuracy": 1.0,
        "fpr": 0.0,
        "fnr": 0.0,
        "avg_severity": 0.5403703703703704,
        "avg_time_ms": 27.45060920715332,
        "n_errors": 0,
        "n_total": 5
      },
      "D-02": {
        "tp": 5,
        "fp": 0,
        "fn": 0,
        "tn": 0,
        "precision": 1.0,
        "recall": 1.0,
        "f1": 1.0,
        "accuracy": 1.0,
        "fpr": 0.0,
        "fnr": 0.0,
        "avg_severity": 0.0,
        "avg_time_ms": 12.106657028198242,
        "n_errors": 0,
        "n_total": 5
      },
      "D-03": {
        "tp": 2,
        "fp": 0,
        "fn": 3,
        "tn": 0,
        "precision": 1.0,
        "recall": 0.4,
        "f1": 0.5714285714285715,
        "accuracy": 0.4,
        "fpr": 0.0,
        "fnr": 0.6,
        "avg_severity": 0.04,
        "avg_time_ms": 586.8907928466797,
        "n_errors": 0,
        "n_total": 5
      }
    }
  },
  "by_difficulty": {
    "1": {
      "D-01": {
        "tp": 7,
        "fp": 2,
        "fn": 0,
        "tn": 0,
        "precision": 0.7777777777777778,
        "recall": 1.0,
        "f1": 0.8750000000000001,
        "accuracy": 0.7777777777777778,
        "fpr": 1.0,
        "fnr": 0.0,
        "avg_severity": 0.5438271604938273,
        "avg_time_ms": 14.394362767537435,
        "n_errors": 0,
        "n_total": 9
      },
      "D-02": {
        "tp": 2,
        "fp": 1,
        "fn": 5,
        "tn": 1,
        "precision": 0.6666666666666666,
        "recall": 0.2857142857142857,
        "f1": 0.4,
        "accuracy": 0.3333333333333333,
        "fpr": 0.5,
        "fnr": 0.7142857142857143,
        "avg_severity": 0.0,
        "avg_time_ms": 2.5812784830729165,
        "n_errors": 0,
        "n_total": 9
      },
      "D-03": {
        "tp": 3,
        "fp": 1,
        "fn": 4,
        "tn": 1,
        "precision": 0.75,
        "recall": 0.42857142857142855,
        "f1": 0.5454545454545454,
        "accuracy": 0.4444444444444444,
        "fpr": 0.5,
        "fnr": 0.5714285714285714,
        "avg_severity": 0.044444444444444446,
        "avg_time_ms": 477.4285952250163,
        "n_errors": 0,
        "n_total": 9
      }
    },
    "2": {
      "D-01": {
        "tp": 6,
        "fp": 7,
        "fn": 0,
        "tn": 0,
        "precision": 0.46153846153846156,
        "recall": 1.0,